cas,name,sort_order,transcription_note
127-51-5,alpha-iso-Methylionone,1,
122-40-7,Amyl Cinnamal,2,
101-85-9,Amylcinnamyl Alcohol,3,
105-13-5,Anise Alcohol,4,
100-51-6,Benzyl Alcohol,5,
120-51-4,Benzyl Benzoate,6,
103-41-3,Benzyl Cinnamate,7,
118-58-1,Benzyl Salicylate,8,
80-54-6,Butylphenyl Methylpropional (Lilial),9,
104-55-2,Cinnamal,10,
104-54-1,Cinnamyl Alcohol,11,
106-26-3,Citral,12,CONFIRM: the sample prints 106-26-3 (the neral isomer); the list may intend 5392-40-5 for citral
106-22-9,Citronellol,13,
91-64-5,Coumarin,14,
97-53-0,Eugenol,15,
90028-67-4,Evernia Furfuracea (Tree Moss) Extract,16,
90028-68-5,Evernia Prunastri (Oak Moss) Extract,17,
4602-84-0,Farnesol,18,
106-24-1,Geraniol,19,
101-86-0,Hexyl Cinnamal,20,
107-75-5,Hydroxycitronellal,21,
31906-04-4,Hydroxyisohexyl 3-Cyclohexene Carboxaldehyde (Lyral),22,
97-54-1,Isoeugenol,23,
138-86-3,Limonene,24,CONFIRM: the sample prints 138-86-3; some lists use 5989-27-5 (d-limonene)
126-90-9,Linalool,25,CONFIRM: the sample prints 126-90-9; linalool is commonly listed as 78-70-6
111-12-6,Methyl 2-Octynoate,26,
